method,whole,cvss2_confidentiality_impact,bow
method,whole,cvss2_confidentiality_impact,subwords
method,whole,cvss2_confidentiality_impact,word2vec
method,whole,cvss2_confidentiality_impact,fasttext
method,whole,cvss2_confidentiality_impact,codebert
method,whole,cvss2_integrity_impact,bow
method,whole,cvss2_integrity_impact,subwords
method,whole,cvss2_integrity_impact,word2vec
method,whole,cvss2_integrity_impact,fasttext
method,whole,cvss2_integrity_impact,codebert
method,whole,cvss2_availability_impact,bow
method,whole,cvss2_availability_impact,subwords
method,whole,cvss2_availability_impact,word2vec
method,whole,cvss2_availability_impact,fasttext
method,whole,cvss2_availability_impact,codebert
method,whole,cvss2_access_vector,bow
method,whole,cvss2_access_vector,subwords
method,whole,cvss2_access_vector,word2vec
method,whole,cvss2_access_vector,fasttext
method,whole,cvss2_access_vector,codebert
method,whole,cvss2_access_complexity,bow
method,whole,cvss2_access_complexity,subwords
method,whole,cvss2_access_complexity,word2vec
method,whole,cvss2_access_complexity,fasttext
method,whole,cvss2_access_complexity,codebert
method,whole,cvss2_authentication,bow
method,whole,cvss2_authentication,subwords
method,whole,cvss2_authentication,word2vec
method,whole,cvss2_authentication,fasttext
method,whole,cvss2_authentication,codebert
method,whole,severity,bow
method,whole,severity,subwords
method,whole,severity,word2vec
method,whole,severity,fasttext
method,whole,severity,codebert
method,lines_with_all_context,cvss2_confidentiality_impact,bow
method,lines_with_all_context,cvss2_confidentiality_impact,subwords
method,lines_with_all_context,cvss2_confidentiality_impact,word2vec
method,lines_with_all_context,cvss2_confidentiality_impact,fasttext
method,lines_with_all_context,cvss2_confidentiality_impact,codebert
method,lines_with_all_context,cvss2_integrity_impact,bow
method,lines_with_all_context,cvss2_integrity_impact,subwords
method,lines_with_all_context,cvss2_integrity_impact,word2vec
method,lines_with_all_context,cvss2_integrity_impact,fasttext
method,lines_with_all_context,cvss2_integrity_impact,codebert
method,lines_with_all_context,cvss2_availability_impact,bow
method,lines_with_all_context,cvss2_availability_impact,subwords
method,lines_with_all_context,cvss2_availability_impact,word2vec
method,lines_with_all_context,cvss2_availability_impact,fasttext
method,lines_with_all_context,cvss2_availability_impact,codebert
method,lines_with_all_context,cvss2_access_vector,bow
method,lines_with_all_context,cvss2_access_vector,subwords
method,lines_with_all_context,cvss2_access_vector,word2vec
method,lines_with_all_context,cvss2_access_vector,fasttext
method,lines_with_all_context,cvss2_access_vector,codebert
method,lines_with_all_context,cvss2_access_complexity,bow
method,lines_with_all_context,cvss2_access_complexity,subwords
method,lines_with_all_context,cvss2_access_complexity,word2vec
method,lines_with_all_context,cvss2_access_complexity,fasttext
method,lines_with_all_context,cvss2_access_complexity,codebert
method,lines_with_all_context,cvss2_authentication,bow
method,lines_with_all_context,cvss2_authentication,subwords
method,lines_with_all_context,cvss2_authentication,word2vec
method,lines_with_all_context,cvss2_authentication,fasttext
method,lines_with_all_context,cvss2_authentication,codebert
method,lines_with_all_context,severity,bow
method,lines_with_all_context,severity,subwords
method,lines_with_all_context,severity,word2vec
method,lines_with_all_context,severity,fasttext
method,lines_with_all_context,severity,codebert
method,lines_with_surrounding_context,cvss2_confidentiality_impact,bow
method,lines_with_surrounding_context,cvss2_confidentiality_impact,subwords
method,lines_with_surrounding_context,cvss2_confidentiality_impact,word2vec
method,lines_with_surrounding_context,cvss2_confidentiality_impact,fasttext
method,lines_with_surrounding_context,cvss2_confidentiality_impact,codebert
method,lines_with_surrounding_context,cvss2_integrity_impact,bow
method,lines_with_surrounding_context,cvss2_integrity_impact,subwords
method,lines_with_surrounding_context,cvss2_integrity_impact,word2vec
method,lines_with_surrounding_context,cvss2_integrity_impact,fasttext
method,lines_with_surrounding_context,cvss2_integrity_impact,codebert
method,lines_with_surrounding_context,cvss2_availability_impact,bow
method,lines_with_surrounding_context,cvss2_availability_impact,subwords
method,lines_with_surrounding_context,cvss2_availability_impact,word2vec
method,lines_with_surrounding_context,cvss2_availability_impact,fasttext
method,lines_with_surrounding_context,cvss2_availability_impact,codebert
method,lines_with_surrounding_context,cvss2_access_vector,bow
method,lines_with_surrounding_context,cvss2_access_vector,subwords
method,lines_with_surrounding_context,cvss2_access_vector,word2vec
method,lines_with_surrounding_context,cvss2_access_vector,fasttext
method,lines_with_surrounding_context,cvss2_access_vector,codebert
method,lines_with_surrounding_context,cvss2_access_complexity,bow
method,lines_with_surrounding_context,cvss2_access_complexity,subwords
method,lines_with_surrounding_context,cvss2_access_complexity,word2vec
method,lines_with_surrounding_context,cvss2_access_complexity,fasttext
method,lines_with_surrounding_context,cvss2_access_complexity,codebert
method,lines_with_surrounding_context,cvss2_authentication,bow
method,lines_with_surrounding_context,cvss2_authentication,subwords
method,lines_with_surrounding_context,cvss2_authentication,word2vec
method,lines_with_surrounding_context,cvss2_authentication,fasttext
method,lines_with_surrounding_context,cvss2_authentication,codebert
method,lines_with_surrounding_context,severity,bow
method,lines_with_surrounding_context,severity,subwords
method,lines_with_surrounding_context,severity,word2vec
method,lines_with_surrounding_context,severity,fasttext
method,lines_with_surrounding_context,severity,codebert